image_id,author,title,source,license
00be189ddee94ecc,photosteve101,"Calculator, Pen and Calendar",https://www.flickr.com/photos/42931449@N07/6812484625,https://creativecommons.org/licenses/by/2.0/
01fbe8482c24948c,TEDxBrainport,TEDxBrainport_2012_vdWeijer_2396,https://www.flickr.com/photos/tedxbrainport/7166182137,https://creativecommons.org/licenses/by/2.0/
05b5f2ace53df30e,Apple and Pear Australia Ltd,Angus Crawford 141013-008b,https://www.flickr.com/photos/applesnpearsau/15605100274,https://creativecommons.org/licenses/by/2.0/
0e15ae93621e4b12,Bertho RF1,Hilbram Dunar dengan setelan jas,https://www.flickr.com/photos/presidenrf1/5488003528,https://creativecommons.org/licenses/by/2.0/
0f9f66a924b55725,xiquinhosilva,110912-Tel-Aviv,https://www.flickr.com/photos/xiquinho/16066621817,https://creativecommons.org/licenses/by/2.0/
124d86a6d3953a13,零時 政府,IMG_3667,https://www.flickr.com/photos/g0v/17031718088,https://creativecommons.org/licenses/by/2.0/
216f77a3366db4d1,Open Data Lab Jakarta,Training9,https://www.flickr.com/photos/128334607@N03/15583509583/,https://creativecommons.org/licenses/by/2.0/
394161d072604c3f,UC Davis College of Engineering,"San Francisco PUC Building, 525 Golden Gate",https://www.flickr.com/photos/ucdaviscoe/6419944209,https://creativecommons.org/licenses/by/2.0/
3e3d48572cd5d62f,photosteve101,"Red post-it label, calculator and ballpen",https://www.flickr.com/photos/42931449@N07/6812497415,https://creativecommons.org/licenses/by/2.0/
44cddb4ba8761e6a,Rafael Castillo,Darts,https://www.flickr.com/photos/miggslives/4968955535,https://creativecommons.org/licenses/by/2.0/
4eeae6a9e029a07b,Channy Yun,Mozilla 타이완 커뮤니티 리더인 Bob 만나고 있습니다,https://www.flickr.com/photos/seokchanyun/6568670277,https://creativecommons.org/licenses/by/2.0/
5199900d2f1b2be2,Samko Pamko,Dubai,https://www.flickr.com/photos/75570832@N02/8518251079,https://creativecommons.org/licenses/by/2.0/
5fc79f3a9a0bd9fa,tec_estromberg,6424464061_de9d36f647_b,https://www.flickr.com/photos/92334668@N07/11368441704,https://creativecommons.org/licenses/by/2.0/
63e6d6cf636c9aee,jlahti,IMG_0006,https://www.flickr.com/photos/jarmolahti/5450967723,https://creativecommons.org/licenses/by/2.0/
71c4e12b3e9dc7ee,Fantake,xuping,https://www.flickr.com/photos/chinaherald/2999090812,https://creativecommons.org/licenses/by/2.0/
883cc4f6d6587b2d,Linux Screenshots,1,https://www.flickr.com/photos/xmodulo/10077192216,https://creativecommons.org/licenses/by/2.0/
93ef8ab5b8aa1ccc,One Planet Living in Sutton,"Alice, Thomas and Philip entering data",https://www.flickr.com/photos/oneplanetsutton/2544728526,https://creativecommons.org/licenses/by/2.0/
a5510558f0dc5589,Yeti-legs,Undergraduate Research Colloquium 2014,https://www.flickr.com/photos/andrewngai/14331159711,https://creativecommons.org/licenses/by/2.0/
ce54cf870cea336a,Ed de Quincey,Canary Wharf at Night (Colour),https://www.flickr.com/photos/eddequincey/6204299941,https://creativecommons.org/licenses/by/2.0/
d3117ca8a572e3ea,Marcin Wichary,Untitled,https://www.flickr.com/photos/mwichary/8245936174,https://creativecommons.org/licenses/by/2.0/
d6fb311b2d7b4572,Medialab Katowice,warsztaty-14,https://www.flickr.com/photos/medialabkatowice/9165686982,https://creativecommons.org/licenses/by/2.0/
d89e123ddd967671,viZZZual.com,On Target,https://www.flickr.com/photos/vizzzual-dot-com/2655969483,https://creativecommons.org/licenses/by/2.0/
c0f36480d0d659de,Arian Zwegers,"Hoi An, riverside houses",https://www.flickr.com/photos/azwegers/6223754383,https://creativecommons.org/licenses/by/2.0/
d25716f4209559a8,Jean-Pierre Dalbéra,Le pont-pagode japonais à Hoi An,https://www.flickr.com/photos/dalbera/4401866381,https://creativecommons.org/licenses/by/2.0/
7571cf107f006fb7,@felixtriller,Hoi An: Japanese Bridge by night,https://www.flickr.com/photos/triller/5058507814,https://creativecommons.org/licenses/by/2.0/
42cda569f6e0996e,Khánh Hmoong,"Colorful Lanterns in Hội An, 3/2015",https://www.flickr.com/photos/hmoong/16293056453,https://creativecommons.org/licenses/by/2.0/
ef6b3bd6de20622e,Khánh Hmoong,"Colorful Lanterns in Hội An, 3/2015",https://www.flickr.com/photos/hmoong/16731871639,https://creativecommons.org/licenses/by/2.0/
c1dc1c2ff4b4889e,@felixtriller,Hoi An: paper lantern shop,https://www.flickr.com/photos/triller/5058502078,https://creativecommons.org/licenses/by/2.0/
2acc5655fb4fbe20,Nghia Nguyen,Đèn lồng Hội An,https://www.flickr.com/photos/nghianguyen0410/8732583758,https://creativecommons.org/licenses/by/2.0/
942a4ff30aa5e899,pululante,Luces y farolillos de Hoi An,https://www.flickr.com/photos/pululante/5182041519,https://creativecommons.org/licenses/by/2.0/
f6e141c86b62ee05,Graham C99,Hoi An 07,https://www.flickr.com/photos/schnappi/16851929211,https://creativecommons.org/licenses/by/2.0/
93abecc1ad9d9fa3,tefl Search,Hoi An - River,https://www.flickr.com/photos/129176831@N06/17044843162,https://creativecommons.org/licenses/by/2.0/
cc6ecb9cb35b1b85,Jos Dielis,Hoi An,https://www.flickr.com/photos/dielis/2819144170,https://creativecommons.org/licenses/by/2.0/
76c72e0202169810,Jean-Pierre Dalbéra,Le fleuve Thu Bon à Hoi An,https://www.flickr.com/photos/dalbera/4402627586,https://creativecommons.org/licenses/by/2.0/
995f1704c3239ebe,Jean-Pierre Dalbéra,Maison de style colonial (Hoi An),https://www.flickr.com/photos/dalbera/4402625836,https://creativecommons.org/licenses/by/2.0/
9563bb7c6929e8ba,rapidacid,"Hoi An, Vietnam",https://www.flickr.com/photos/rapidacid/2827860400,https://creativecommons.org/licenses/by/2.0/
991e8520cd8008b3,Khánh Hmoong,"Hội An, 8/2015",https://www.flickr.com/photos/hmoong/20497510741,https://creativecommons.org/licenses/by/2.0/
cee9d1014782f696,Khánh Hmoong,"Hội An, 3/2015",https://www.flickr.com/photos/hmoong/16954091856,https://creativecommons.org/licenses/by/2.0/
eb946e379e3dc638,ippoippo,houses in Hoi An,https://www.flickr.com/photos/26202578@N07/6627717769,https://creativecommons.org/licenses/by/2.0/
25915af442cae885,Arian Zwegers,"Hoi An, Assembly Hall of the Fujian Chinese Congregation",https://www.flickr.com/photos/azwegers/6224320374,https://creativecommons.org/licenses/by/2.0/
dc6922cb57c7e55e,pululante,2010-09-10 10-59-53 Hoi An,https://www.flickr.com/photos/pululante/5182614308,https://creativecommons.org/licenses/by/2.0/
a76010964add9256,Andrea Schaffer,"Chinese Assembly Hall, Hoi An",https://www.flickr.com/photos/aschaf/5679726222,https://creativecommons.org/licenses/by/2.0/
06722db4e3b3ad06,Jean-Pierre Dalbéra,Salle d'assemblée Trung Hoa (Hoi An),https://www.flickr.com/photos/dalbera/4410384529,https://creativecommons.org/licenses/by/2.0/
d3b1c3f78880874d,Nam-ho Park,"Old Town, Hoi An",https://www.flickr.com/photos/namho/3283617869/,https://creativecommons.org/licenses/by/2.0/
941e3e83740c54c3,@felixtriller,Hoi An: incense sticks in an assembly hall,https://www.flickr.com/photos/triller/5057893347,https://creativecommons.org/licenses/by/2.0/
78e191af1079b285,John Fielding,Hoi An,https://www.flickr.com/photos/john_fielding/8793791818,https://creativecommons.org/licenses/by/2.0/
3add3d3ee7ed2588,Jean-Pierre Dalbéra,Jour de marché à Hoi An,https://www.flickr.com/photos/dalbera/4401853081,https://creativecommons.org/licenses/by/2.0/
974f65742edb1857,Loi Nguyen Duc,Hoi an fish market,https://www.flickr.com/photos/85675121@N04/7862773000,https://creativecommons.org/licenses/by/2.0/
d2aa31ce404adfd8,Jean-Pierre Dalbéra,le marché (Hoi An),https://www.flickr.com/photos/dalbera/4402618088,https://creativecommons.org/licenses/by/2.0/
b450f394b5d9e561,Paul Arps,Eating outside in Hoi An (Vietnam 2001),https://www.flickr.com/photos/slapers/6688982499,https://creativecommons.org/licenses/by/2.0/
c6b982fec402a398,Khánh Hmoong,"Hội An, 8/2015",https://www.flickr.com/photos/hmoong/20202581169,https://creativecommons.org/licenses/by/2.0/
abacbecb58b09ec6,Khánh Hmoong,"Hội An, 8/2015",https://www.flickr.com/photos/hmoong/20408758461,https://creativecommons.org/licenses/by/2.0/
a71e4243a4b8ff6f,garycycles8,"Viet Nam, Quảng Nam, Hội An -  dusk",https://www.flickr.com/photos/garycycles8/9789155813,https://creativecommons.org/licenses/by/2.0/
bedb06e0e66c0adb,Matthias Ripp,Hoi An,https://www.flickr.com/photos/56218409@N03/9711388414,https://creativecommons.org/licenses/by/2.0/
b42eefba59c6eef6,Jos Dielis,Hoi An,https://www.flickr.com/photos/dielis/2818316193,https://creativecommons.org/licenses/by/2.0/
df40becd03a1e86b,garycycles8,"Viet Nam, Quảng Nam, Hội An - souvenirs",https://www.flickr.com/photos/garycycles8/9789143313,https://creativecommons.org/licenses/by/2.0/
7c7971995f1a2d0a,Ian @ ThePaperboy.com,Hoi An Flotilla,https://www.flickr.com/photos/thepaperboy/2864549280,https://creativecommons.org/licenses/by/2.0/
34b59cce15ecbeaa,manhhai,"Dish, Enameled Ware, Reed and Crane DesignLe dynasty, 16th century - Vietnam - Sekido Museum of Art",https://www.flickr.com/photos/13476480@N07/16960822229,https://creativecommons.org/licenses/by/2.0/
7bf64f6fd3304d7a,Armando Nguyen,In an Museum of Hoi An,https://www.flickr.com/photos/anhbin/16621172491,https://creativecommons.org/licenses/by/2.0/
958dd0ef5110115b,squidish,Banh Xeo: Vietnamese Pan Cake,https://www.flickr.com/photos/squidish/365537014,https://creativecommons.org/licenses/by/2.0/
937b4178ca7f6861,Jeremy Weate,"Fresh spring rolls from ...Hum, Saigon",https://www.flickr.com/photos/73542590@N00/8671136053,https://creativecommons.org/licenses/by/2.0/
99d88e58829db665,Felix Chia,"My #foodporn series. | Vietnamese roasted chicken set with a fried egg and greens on the side. If you like #basil, you would love #vietnamese food. ☺ Taken at the vietnamese food stall at Hall 13.",https://www.flickr.com/photos/felixchia/6777173796,https://creativecommons.org/licenses/by/2.0/
6b83fd2a398d0b54,kaythaney,Last breakfast in Hoi An: pho and ca phe sua dac in the market.,https://www.flickr.com/photos/kaythaney/8286400556,https://creativecommons.org/licenses/by/2.0/
2cb9957a58ca849e,manhhai,"Dish, Design of Peony and Scroll in Underglaze Blue15th century - Vietnam - Sekido Museum of Art",https://www.flickr.com/photos/13476480@N07/16960822599,https://creativecommons.org/licenses/by/2.0/
217b5a017462c431,L.A. Foodie,"#Beef banh mi from Sawleaf at #Anaheim Packing House. Decent, but I wouldn't get it again. #Vietnamese #sandwich #sandwichporn #foodporn #freshfoods",https://www.flickr.com/photos/lafoodie/15575976415,https://creativecommons.org/licenses/by/2.0/
